number,point







20 6 R:14 G:236,20 6 R:14 G:252,20 6 R:30 G:220,20 6 R:30 G:236,20 6 R:30 G:252,20 6 R:46 G:187,20 6 R:46 G:203,20 6 R:46 G:219,20 6 R:62 G:115,20 6 R:62 G:179,20 6 R:62 G:195,20 6 R:78 G:168,20 6 R:78 G:248,20 6 R:94 G:144,20 6 R:94 G:224,20 6 G:94 B:224,20 6 R:94 G:240,20 6 G:94 B:240,20 6 R:110 G:207,20 6 R:110 G:223,20 6 G:110 B:223,20 6 R:110 G:239,20 6 G:110 B:239,20 6 R:110 G:255,20 6 G:110 B:255,20 6 R:126 G:160,20 6 R:126 G:176,20 6 R:126 G:192,20 6 R:126 G:208,20 6 G:126 B:208,20 6 R:126 G:224,20 6 G:126 B:224,20 6 R:126 G:240,20 6 G:126 B:240,20 6 R:142 G:154,20 6 R:142 G:170,20 6 R:142 G:186,20 6 G:142 B:186,20 6 R:142 G:202,20 6 G:142 B:202,20 6 R:142 G:218,20 6 G:142 B:218,20 6 R:142 G:234,20 6 G:142 B:234,20 6 R:142 G:250,20 6 G:142 B:250,20 6 R:158 G:166,20 6 R:158 G:182,20 6 G:158 B:182,20 6 R:158 G:198,20 6 G:158 B:198,20 6 R:158 G:214,20 6 G:158 B:214,20 6 R:158 G:230,20 6 G:158 B:230,20 6 R:158 G:246,20 6 G:158 B:246,20 6 G:174 B:2,20 6 R:174 G:162,20 6 R:174 G:178,20 6 G:174 B:178,20 6 R:174 G:194,20 6 G:174 B:194,20 6 R:174 G:210,20 6 G:174 B:210,20 6 R:174 G:226,20 6 G:174 B:226,20 6 R:174 G:242,20 6 G:174 B:242,20 6 R:190 G:139,20 6 R:190 G:155,20 6 G:190 B:155,20 6 R:190 G:171,20 6 G:190 B:171,20 6 R:190 G:187,20 6 G:190 B:187,20 6 R:190 G:203,20 6 G:190 B:203,20 6 R:190 G:219,20 6 G:190 B:219,20 6 R:190 G:235,20 6 G:190 B:235,20 6 R:190 G:251,20 6 G:190 B:251,20 6 R:206 G:124,20 6 R:206 G:140,20 6 G:206 B:140,20 6 R:206 G:156,20 6 G:206 B:156,20 6 R:206 G:172,20 6 G:206 B:172,20 6 R:206 G:188,20 6 G:206 B:188,20 6 R:206 G:204,20 6 G:206 B:204,20 6 R:206 G:220,20 6 G:206 B:220,20 6 R:206 G:236,20 6 G:206 B:236,20 6 R:206 G:252,20 6 G:206 B:252,20 6 G:222 B:1,20 6 G:222 B:17,20 6 G:222 B:113,20 6 G:222 B:129,20 6 R:222 G:145,20 6 G:222 B:145,20 6 R:222 G:161,20 6 G:222 B:161,20 6 R:222 G:177,20 6 G:222 B:177,20 6 R:222 G:193,20 6 G:222 B:193,20 6 R:222 G:209,20 6 G:222 B:209,20 6 R:222 G:225,20 6 G:222 B:225,20 6 R:222 G:241,20 6 G:222 B:241,20 6 G:238 B:11,20 6 G:238 B:27,20 6 G:238 B:91,20 6 G:238 B:107,20 6 G:238 B:123,20 6 R:238 G:139,20 6 G:238 B:139,20 6 R:238 G:155,20 6 G:238 B:155,20 6 R:238 G:171,20 6 G:238 B:171,20 6 R:238 G:187,20 6 G:238 B:187,20 6 R:238 G:203,20 6 G:238 B:203,20 6 R:238 G:219,20 6 G:238 B:219,20 6 R:238 G:235,20 6 G:238 B:235,20 6 R:238 G:251,20 6 G:238 B:251,20 6 G:254 B:10,20 6 G:254 B:26,20 6 G:254 B:74,20 6 G:254 B:90,20 6 G:254 B:106,20 6 R:254 G:122,20 6 G:254 B:122,20 6 R:254 G:138,20 6 G:254 B:138,20 6 R:254 G:154,20 6 G:254 B:154,20 6 R:254 G:170,20 6 G:254 B:170,20 6 R:254 G:186,20 6 G:254 B:186,20 6 R:254 G:202,20 6 G:254 B:202,20 6 R:254 G:218,20 6 G:254 B:218,20 6 R:254 G:234,20 6 G:254 B:234,20 6 R:254 G:250,20 6 G:254 B:250
































4 6 R:14 G:10,4 6 R:14 B:10,4 6 G:14 B:10,4 6 R:14 G:26,4 6 R:14 B:26,4 6 G:14 B:26,4 6 R:14 G:42,4 6 R:14 B:42,4 6 G:14 B:42,4 6 R:14 G:58,4 6 G:14 B:58,4 6 G:14 B:74,4 6 G:14 B:90,4 6 R:14 B:106,4 6 G:14 B:106,4 6 R:14 B:122,4 6 G:14 B:122,4 6 R:14 B:138,4 6 R:30 G:8,4 6 R:30 B:8,4 6 G:30 B:8,4 6 R:30 G:24,4 6 R:30 B:24,4 6 G:30 B:24,4 6 R:30 G:40,4 6 R:30 B:40,4 6 G:30 B:56,4 6 G:30 B:72,4 6 R:30 B:104,4 6 G:30 B:104,4 6 R:30 B:120,4 6 G:30 B:120,4 6 R:46 G:8,4 6 R:46 B:8,4 6 G:46 B:8,4 6 R:46 G:24,4 6 R:46 B:24,4 6 R:46 B:56,4 6 G:46 B:56,4 6 R:46 B:72,4 6 G:46 B:72,4 6 R:46 B:104,4 6 R:62 G:4,4 6 R:62 B:4,4 6 G:62 B:4,4 6 R:62 G:20,4 6 R:62 B:52,4 6 R:62 B:68,4 6 R:62 B:84,4 6 R:78 G:12,4 6 R:78 B:12,4 6 R:78 G:28,4 6 R:78 B:28,4 6 R:78 G:44,4 6 R:94 G:3,4 6 R:94 B:3,4 6 R:94 G:19,4 6 R:110 G:1,4 6 R:222 G:249,4 6 R:238 B:176,4 6 R:238 G:224,4 6 R:238 G:240,4 6 R:254 G:171,4 6 R:254 G:187,4 6 R:254 G:203,4 6 R:254 G:219,4 6 R:254 G:235,4 14 R:14 G:4,4 14 R:14 B:4,4 14 G:14 B:4,4 14 R:14 G:20,4 14 G:14 B:20,4 14 R:14 G:52,4 14 R:14 B:52,4 14 G:14 B:52,4 14 R:14 G:68,4 14 R:14 B:68,4 14 G:14 B:68,4 14 R:14 G:84,4 14 R:14 B:84,4 14 G:14 B:84,4 14 R:14 G:100,4 14 R:30 G:7,4 14 R:30 B:39,4 14 G:30 B:39,4 14 R:30 G:55,4 14 R:30 B:55,4 14 G:30 B:55,4 14 R:30 G:71,4 14 R:30 B:71,4 14 G:30 B:71,4 14 R:30 G:87,4 14 R:46 G:13,4 14 R:46 G:29,4 14 R:46 B:29,4 14 G:46 B:29,4 14 R:46 G:45,4 14 R:46 B:45,4 14 G:46 B:45,4 14 R:46 G:61,4 14 R:46 B:61,4 14 G:46 B:61,4 14 R:46 G:77,4 14 R:46 B:93,4 14 R:46 B:125,4 14 G:46 B:125,4 14 R:62 G:15,4 14 R:62 B:15,4 14 G:62 B:15,4 14 R:62 G:31,4 14 R:62 B:31,4 14 G:62 B:31,4 14 R:62 G:47,4 14 R:62 B:47,4 14 G:62 B:47,4 14 R:62 B:63,4 14 R:62 B:79,4 14 R:62 B:95,4 14 G:62 B:95,4 14 R:62 B:111,4 14 R:62 B:127,4 14 R:78 G:2,4 14 R:78 B:2,4 14 G:78 B:2,4 14 R:78 G:18,4 14 R:78 B:18,4 14 G:78 B:18,4 14 R:78 G:34,4 14 R:78 B:34,4 14 G:78 B:34,4 14 R:78 B:50,4 14 R:78 B:66,4 14 R:78 B:82,4 14 R:78 B:98,4 14 G:78 B:98,4 14 G:78 B:114,4 14 R:94 G:1,4 14 R:94 B:1,4 14 G:94 B:1,4 14 R:94 G:17,4 14 R:94 B:17,4 14 G:94 B:17,4 14 R:94 G:33,4 14 R:94 B:33,4 14 R:94 G:49,4 14 R:94 B:49,4 14 R:94 B:65,4 14 R:94 B:81,4 14 R:94 B:97,4 14 G:94 B:97,4 14 R:110 G:2,4 14 R:110 B:2,4 14 R:110 G:18,4 14 R:110 B:18,4 14 R:110 G:34,4 14 R:110 B:34,4 14 R:110 G:50,4 14 R:110 B:50,4 14 R:110 B:66,4 14 G:110 B:66,4 14 R:110 B:82,4 14 G:110 B:82,4 14 R:110 B:98,4 14 R:110 B:130,4 14 R:110 B:146,4 14 R:126 G:15,4 14 R:126 B:15,4 14 R:126 G:31,4 14 R:126 B:31,4 14 R:126 G:47,4 14 R:126 B:47,4 14 R:126 G:63,4 14 R:126 B:63,4 14 G:126 B:63,4 14 R:126 B:79,4 14 R:126 B:95,4 14 R:126 G:111,4 14 R:126 B:111,4 14 R:126 B:127,4 14 R:142 G:4,4 14 R:142 B:4,4 14 R:142 G:20,4 14 R:142 B:20,4 14 R:142 G:36,4 14 R:142 B:36,4 14 R:142 G:52,4 14 R:142 B:52,4 14 G:142 B:52,4 14 R:142 B:68,4 14 R:142 G:84,4 14 R:142 B:84,4 14 R:142 B:100,4 14 R:142 B:116,4 14 R:158 G:10,4 14 R:158 B:10,4 14 R:158 G:26,4 14 R:158 B:26,4 14 R:158 G:42,4 14 R:158 B:42,4 14 R:158 G:58,4 14 R:158 B:58,4 14 R:158 G:74,4 14 R:158 B:74,4 14 R:158 G:90,4 14 R:158 B:90,4 14 R:158 B:106,4 14 R:174 G:14,4 14 R:174 B:14,4 14 R:174 G:30,4 14 R:174 B:30,4 14 R:174 G:46,4 14 R:174 B:46,4 14 R:174 G:62,4 14 R:174 B:62,4 14 R:174 B:78,4 14 R:174 B:94,4 14 R:190 G:3,4 14 R:190 B:3,4 14 R:190 G:19,4 14 R:190 B:19,4 14 R:190 G:35,4 14 R:190 B:35,4 14 R:190 G:51,4 14 R:190 B:51,4 14 R:190 G:67,4 14 R:190 B:67,4 14 R:190 B:83,4 14 R:206 G:12,4 14 R:206 B:12,4 14 R:206 G:28,4 14 R:206 B:28,4 14 R:206 G:44,4 14 R:206 B:44,4 14 R:206 G:60,4 14 R:206 B:60,4 14 R:222 G:10,4 14 R:222 B:10,4 14 R:222 G:26,4 14 R:222 B:26,4 14 R:222 G:42,4 14 R:222 B:42,4 14 R:222 B:58,4 14 R:238 G:9,4 14 R:238 B:9,4 14 R:238 G:25,4 14 R:238 B:25,4 14 R:238 G:41,4 14 R:238 B:41,4 14 R:254 G:10,4 14 R:254 B:10,4 22 G:14 B:7,4 22 R:14 G:23,4 22 R:14 B:23,4 22 R:14 G:39,4 22 R:14 B:39,4 22 R:14 G:55,4 22 R:14 B:55,4 22 R:14 G:71,4 22 R:14 B:71,4 22 R:14 G:87,4 22 R:14 G:103,4 22 R:14 G:119,4 22 R:30 G:4,4 22 R:30 G:20,4 22 R:30 B:20,4 22 R:30 G:36,4 22 R:30 B:36,4 22 R:30 G:52,4 22 R:30 B:52,4 22 R:30 G:68,4 22 R:30 G:100,4 22 R:46 G:7,4 22 R:46 B:7,4 22 R:46 G:23,4 22 R:46 B:23,4 22 R:46 G:39,4 22 R:46 B:39,4 22 R:46 G:55,4 22 G:62 B:14,4 22 G:78 B:10,4 30 R:14 G:15,4 30 R:14 B:15,4 30 G:14 B:15,4 30 R:14 G:31,4 30 R:14 B:31,4 30 G:14 B:31,4 30 R:14 G:47,4 30 R:14 B:47,4 30 R:14 G:63,4 30 R:14 B:63,4 30 R:14 G:79,4 30 R:14 B:79,4 30 R:14 G:95,4 30 R:14 B:95,4 30 R:14 G:111,4 30 R:30 G:11,4 30 R:30 B:11,4 30 R:30 G:27,4 30 R:30 B:27,4 30 R:30 G:43,4 30 R:30 G:59,4 30 R:30 G:75,4 30 R:30 B:75,4 30 R:30 G:91,4 30 R:30 G:107,4 30 R:46 G:2,4 30 R:46 B:2,4 30 R:46 G:18,4 30 R:46 G:34,4 30 R:46 G:82,4 30 R:62 G:20,4 30 R:78 G:2,4 30 R:94 G:5,4 30 R:110 G:1,4 30 R:126 G:10,4 30 R:142 G:6,12 6 G:14 B:78,12 6 G:14 B:94,12 6 G:14 B:110,12 6 G:14 B:126,12 6 G:14 B:142,12 6 G:14 B:158,12 6 R:14 B:174,12 6 G:14 B:174,12 6 R:14 B:190,12 6 G:14 B:190,12 6 R:14 B:206,12 6 G:14 B:206,12 6 G:14 B:222,12 6 G:14 B:238,12 6 R:14 B:254,12 6 G:14 B:254,12 6 G:30 B:57,12 6 G:30 B:73,12 6 G:30 B:89,12 6 G:30 B:105,12 6 G:30 B:121,12 6 G:30 B:137,12 6 R:30 B:153,12 6 G:30 B:153,12 6 R:30 B:169,12 6 G:30 B:169,12 6 R:30 B:185,12 6 G:30 B:185,12 6 G:30 B:201,12 6 G:30 B:217,12 6 G:30 B:233,12 6 G:46 B:57,12 6 G:46 B:73,12 6 G:46 B:89,12 6 G:46 B:105,12 6 G:46 B:121,12 6 R:46 B:137,12 6 G:46 B:137,12 6 R:46 B:153,12 6 G:46 B:153,12 6 R:46 B:169,12 6 G:46 B:169,12 6 G:46 B:185,12 6 G:46 B:201,12 6 G:62 B:46,12 6 G:62 B:62,12 6 G:62 B:78,12 6 G:62 B:94,12 6 R:62 B:110,12 6 G:62 B:110,12 6 R:62 B:126,12 6 G:62 B:126,12 6 R:62 B:142,12 6 G:62 B:142,12 6 G:62 B:158,12 6 G:62 B:174,12 6 G:78 B:38,12 6 G:78 B:54,12 6 G:78 B:70,12 6 G:78 B:86,12 6 R:78 B:102,12 6 G:78 B:102,12 6 R:78 B:118,12 6 G:78 B:118,12 6 G:78 B:134,12 6 G:78 B:150,12 6 G:94 B:34,12 6 G:94 B:50,12 6 G:94 B:66,12 6 R:94 B:82,12 6 G:94 B:82,12 6 R:94 G:98,12 6 G:94 B:98,12 6 R:94 G:114,12 6 G:94 B:114,12 6 G:94 B:242,12 6 G:110 B:24,12 6 R:110 G:56,12 6 R:110 B:56,12 6 R:110 G:72,12 6 R:110 G:88,12 6 R:110 G:104,12 6 G:110 B:232,12 6 G:110 B:248,12 6 R:126 G:3,12 6 R:126 G:19,12 6 R:126 G:35,12 6 R:126 G:51,12 6 R:126 G:67,12 6 R:126 G:83,12 6 R:126 G:99,12 6 G:126 B:227,12 6 R:126 B:243,12 6 R:142 G:4,12 6 R:142 G:20,12 6 R:142 G:36,12 6 R:142 G:52,12 6 R:142 G:68,12 6 R:142 G:84,12 6 R:142 B:212,12 6 R:142 B:228,12 6 R:142 B:244,12 6 R:158 G:10,12 6 R:158 G:26,12 6 R:158 G:42,12 6 R:158 G:58,12 6 R:158 G:74,12 6 R:158 G:90,12 6 R:158 B:202,12 6 R:174 G:13,12 6 R:174 G:29,12 6 R:174 G:45,12 6 R:174 G:61,12 6 R:174 G:77,12 6 R:174 B:173,12 6 R:190 G:9,12 6 R:190 G:25,12 6 R:190 G:41,12 6 R:190 G:57,12 6 R:190 G:73,12 6 R:190 B:249,12 6 G:190 B:249,12 6 R:206 G:10,12 6 R:206 G:26,12 6 R:206 G:42,12 6 R:206 G:58,12 6 R:206 B:218,12 6 R:206 G:234,12 6 R:206 B:234,12 6 G:206 B:234,12 6 G:206 B:250,12 6 R:222 G:12,12 6 R:222 G:28,12 6 R:222 G:44,12 6 R:222 G:60,12 6 R:222 B:204,12 6 R:222 G:220,12 6 R:222 B:220,12 6 G:222 B:220,12 6 R:222 G:236,12 6 R:222 B:236,12 6 G:222 B:236,12 6 R:222 B:252,12 6 G:222 B:252,12 6 R:238 G:1,12 6 R:238 B:1,12 6 R:238 G:17,12 6 R:238 B:17,12 6 R:238 G:33,12 6 R:238 G:49,12 6 R:238 G:65,12 6 R:238 B:177,12 6 R:238 B:193,12 6 G:238 B:193,12 6 R:238 G:209,12 6 R:238 B:209,12 6 G:238 B:209,12 6 R:238 G:225,12 6 R:238 B:225,12 6 G:238 B:225,12 6 R:238 B:241,12 6 R:254 G:1,12 6 R:254 G:17,12 6 R:254 G:33,12 6 R:254 G:49,12 6 R:254 G:65,12 6 R:254 G:81,12 6 R:254 B:161,12 6 R:254 G:193,12 6 R:254 G:209,12 6 R:254 B:209,12 6 R:254 G:225,12 6 R:254 B:225,12 14 R:78 G:2,12 14 R:110 G:10,12 14 R:110 G:26,12 22 R:14 G:11,12 22 R:14 B:11,12 22 G:14 B:11,12 22 R:14 G:27,12 22 R:14 B:27,12 22 G:14 B:27,12 22 R:14 G:43,12 22 R:14 B:43,12 22 G:14 B:43,12 22 R:14 G:59,12 22 G:14 B:59,12 22 R:14 G:75,12 22 G:14 B:75,12 22 G:14 B:91,12 22 G:14 B:107,12 22 G:14 B:123,12 22 G:14 B:139,12 22 R:14 B:155,12 22 G:14 B:155,12 22 G:14 B:171,12 22 G:14 B:187,12 22 G:14 B:203,12 22 G:14 B:219,12 22 R:30 G:2,12 22 R:30 B:2,12 22 G:30 B:2,12 22 R:30 G:18,12 22 R:30 B:18,12 22 G:30 B:18,12 22 R:30 G:34,12 22 G:30 B:34,12 22 R:30 G:50,12 22 G:30 B:50,12 22 R:30 G:66,12 22 G:30 B:66,12 22 R:30 G:82,12 22 G:30 B:82,12 22 G:30 B:98,12 22 G:30 B:114,12 22 R:30 B:130,12 22 G:30 B:130,12 22 G:30 B:146,12 22 G:30 B:162,12 22 G:30 B:178,12 22 G:30 B:194,12 22 G:30 B:242,12 22 R:46 G:9,12 22 R:46 B:9,12 22 G:46 B:9,12 22 R:46 G:25,12 22 G:46 B:25,12 22 R:46 G:41,12 22 R:46 G:57,12 22 G:46 B:57,12 22 R:46 G:73,12 22 G:46 B:73,12 22 G:46 B:89,12 22 G:46 B:105,12 22 G:46 B:121,12 22 G:46 B:137,12 22 G:46 B:153,12 22 G:46 B:169,12 22 G:46 B:185,12 22 R:46 B:217,12 22 R:46 B:233,12 22 G:46 B:233,12 22 R:46 B:249,12 22 G:46 B:249,12 22 R:62 G:0,12 22 R:62 G:16,12 22 G:62 B:16,12 22 R:62 G:32,12 22 G:62 B:32,12 22 R:62 G:48,12 22 G:62 B:48,12 22 G:62 B:64,12 22 G:62 B:80,12 22 G:62 B:96,12 22 G:62 B:112,12 22 G:62 B:128,12 22 G:62 B:144,12 22 G:62 B:160,12 22 R:62 B:208,12 22 R:62 B:224,12 22 G:62 B:224,12 22 R:62 B:240,12 22 G:62 B:240,12 22 R:78 G:6,12 22 G:78 B:6,12 22 R:78 G:22,12 22 R:78 G:38,12 22 G:78 B:38,12 22 G:78 B:70,12 22 R:78 G:86,12 22 G:78 B:86,12 22 G:78 B:102,12 22 G:78 B:118,12 22 R:78 B:134,12 22 G:78 B:134,12 22 R:78 B:198,12 22 G:78 B:198,12 22 R:78 B:214,12 22 G:78 B:214,12 22 R:78 B:230,12 22 G:78 B:230,12 22 R:78 B:246,12 22 G:78 B:246,12 22 R:94 G:15,12 22 R:94 G:31,12 22 R:94 G:63,12 22 G:94 B:63,12 22 G:94 B:79,12 22 G:94 B:95,12 22 R:94 B:111,12 22 G:94 B:111,12 22 R:94 B:127,12 22 R:94 B:191,12 22 G:94 B:191,12 22 R:94 B:207,12 22 G:94 B:207,12 22 R:94 B:223,12 22 G:94 B:223,12 22 R:94 B:239,12 22 G:94 B:239,12 22 R:94 B:255,12 22 G:94 B:255,12 22 R:110 G:2,12 22 R:110 G:18,12 22 R:110 G:50,12 22 R:110 G:66,12 22 G:110 B:66,12 22 G:110 B:82,12 22 R:110 G:98,12 22 R:110 B:98,12 22 G:110 B:98,12 22 R:110 G:114,12 22 R:110 G:130,12 22 R:110 B:178,12 22 G:110 B:178,12 22 R:110 B:194,12 22 G:110 B:194,12 22 R:110 B:210,12 22 G:110 B:210,12 22 R:110 B:226,12 22 G:110 B:226,12 22 R:110 B:242,12 22 G:110 B:242,12 22 R:126 G:2,12 22 R:126 G:18,12 22 R:126 G:34,12 22 R:126 G:50,12 22 R:126 G:66,12 22 R:126 B:66,12 22 R:126 G:82,12 22 R:126 B:82,12 22 R:126 G:98,12 22 R:126 B:98,12 22 R:126 G:114,12 22 R:126 B:162,12 22 G:126 B:162,12 22 R:126 B:178,12 22 G:126 B:178,12 22 R:126 B:194,12 22 G:126 B:194,12 22 R:126 B:210,12 22 G:126 B:210,12 22 R:126 B:226,12 22 G:126 B:226,12 22 R:126 B:242,12 22 G:126 B:242,12 22 R:142 G:13,12 22 R:142 G:29,12 22 R:142 G:45,12 22 R:142 G:61,12 22 R:142 G:77,12 22 R:142 G:93,12 22 R:142 G:109,12 22 R:142 B:157,12 22 G:142 B:157,12 22 R:142 B:173,12 22 G:142 B:173,12 22 R:142 B:189,12 22 G:142 B:189,12 22 R:142 B:205,12 22 G:142 B:205,12 22 R:142 B:221,12 22 G:142 B:221,12 22 R:142 B:237,12 22 G:142 B:237,12 22 R:142 B:253,12 22 G:142 B:253,12 22 R:158 G:13,12 22 R:158 G:29,12 22 R:158 G:45,12 22 R:158 G:61,12 22 R:158 G:77,12 22 R:158 G:93,12 22 R:158 B:141,12 22 G:158 B:141,12 22 R:158 B:157,12 22 G:158 B:157,12 22 R:158 B:173,12 22 G:158 B:173,12 22 R:158 B:189,12 22 G:158 B:189,12 22 R:158 B:205,12 22 G:158 B:205,12 22 R:158 B:221,12 22 G:158 B:221,12 22 R:158 B:237,12 22 G:158 B:237,12 22 R:158 B:253,12 22 G:158 B:253,12 22 R:174 G:4,12 22 R:174 G:20,12 22 R:174 G:36,12 22 R:174 G:52,12 22 R:174 G:68,12 22 R:174 G:84,12 22 R:174 B:132,12 22 R:174 B:148,12 22 G:174 B:148,12 22 R:174 B:164,12 22 G:174 B:164,12 22 R:174 B:180,12 22 G:174 B:180,12 22 R:174 B:196,12 22 G:174 B:196,12 22 R:174 B:212,12 22 G:174 B:212,12 22 R:174 B:228,12 22 G:174 B:228,12 22 R:174 B:244,12 22 G:174 B:244,12 22 R:190 G:3,12 22 R:190 G:19,12 22 R:190 G:35,12 22 R:190 G:51,12 22 R:190 G:67,12 22 R:190 B:147,12 22 R:190 B:163,12 22 G:190 B:163,12 22 R:190 B:179,12 22 G:190 B:179,12 22 R:190 B:195,12 22 G:190 B:195,12 22 R:190 B:211,12 22 G:190 B:211,12 22 G:190 B:227,12 22 G:190 B:243,12 22 R:206 G:4,12 22 R:206 G:20,12 22 R:206 G:36,12 22 R:206 G:52,12 22 R:206 B:164,12 22 R:206 B:180,12 22 G:206 B:180,12 22 G:206 B:196,12 22 G:206 B:212,12 22 R:222 G:10,12 22 R:222 G:26,12 22 G:222 B:202,12 22 R:238 G:12,12 22 R:254 G:8,12 22 R:254 G:24,20 6 G:14 B:28,20 6 G:14 B:44,20 6 G:14 B:92,20 6 G:14 B:108,20 6 G:14 B:124,20 6 R:14 G:220,20 6 G:30 B:28,20 6 G:30 B:44,20 6 G:30 B:60,20 6 G:30 B:76,20 6 G:30 B:92,20 6 G:30 B:108,20 6 R:30 B:124,20 6 R:30 G:156,20 6 R:30 G:204,20 6 R:30 G:220,20 6 G:46 B:27,20 6 G:46 B:43,20 6 G:46 B:59,20 6 R:46 B:75,20 6 G:46 B:75,20 6 G:46 B:91,20 6 R:46 G:107,20 6 R:46 B:107,20 6 G:46 B:107,20 6 R:46 G:123,20 6 R:46 B:123,20 6 R:46 G:139,20 6 R:46 G:155,20 6 R:46 G:171,20 6 R:46 G:187,20 6 R:46 G:203,20 6 G:62 B:19,20 6 G:62 B:35,20 6 R:62 B:51,20 6 G:62 B:51,20 6 R:62 B:67,20 6 G:62 B:67,20 6 R:62 G:83,20 6 R:62 B:83,20 6 G:62 B:83,20 6 R:62 G:99,20 6 R:62 B:99,20 6 G:62 B:99,20 6 R:62 G:115,20 6 R:62 B:115,20 6 R:62 G:131,20 6 R:62 G:147,20 6 R:62 G:163,20 6 G:78 B:8,20 6 G:78 B:24,20 6 R:78 B:40,20 6 G:78 B:40,20 6 R:78 B:56,20 6 G:78 B:56,20 6 R:78 G:72,20 6 R:78 B:72,20 6 G:78 B:72,20 6 R:78 G:88,20 6 R:78 B:88,20 6 G:78 B:88,20 6 R:78 G:104,20 6 R:78 B:104,20 6 G:78 B:104,20 6 R:78 G:120,20 6 R:78 B:120,20 6 R:78 G:136,20 6 R:78 G:152,20 6 G:94 B:0,20 6 G:94 B:16,20 6 R:94 B:32,20 6 G:94 B:32,20 6 R:94 G:48,20 6 R:94 B:48,20 6 G:94 B:48,20 6 R:94 G:64,20 6 R:94 B:64,20 6 G:94 B:64,20 6 R:94 G:80,20 6 R:94 B:80,20 6 G:94 B:80,20 6 R:94 G:96,20 6 R:94 B:96,20 6 G:94 B:96,20 6 R:94 G:112,20 6 R:94 B:112,20 6 R:94 G:128,20 6 R:94 G:144,20 6 R:94 G:160,20 6 R:110 B:15,20 6 G:110 B:15,20 6 R:110 G:31,20 6 R:110 B:31,20 6 G:110 B:31,20 6 R:110 G:47,20 6 R:110 B:47,20 6 G:110 B:47,20 6 R:110 G:63,20 6 R:110 B:63,20 6 G:110 B:63,20 6 R:110 G:79,20 6 R:110 B:79,20 6 G:110 B:79,20 6 R:110 G:95,20 6 R:110 B:95,20 6 G:110 B:95,20 6 R:110 G:111,20 6 R:110 B:111,20 6 R:110 G:127,20 6 R:110 G:143,20 6 R:126 B:0,20 6 G:126 B:0,20 6 R:126 G:16,20 6 R:126 B:16,20 6 G:126 B:16,20 6 R:126 G:32,20 6 R:126 B:32,20 6 G:126 B:32,20 6 R:126 G:48,20 6 R:126 B:48,20 6 G:126 B:48,20 6 R:126 G:64,20 6 R:126 B:64,20 6 G:126 B:64,20 6 R:126 G:80,20 6 R:126 B:80,20 6 G:126 B:80,20 6 R:126 G:96,20 6 R:126 B:96,20 6 R:126 G:112,20 6 R:142 G:10,20 6 R:142 B:10,20 6 G:142 B:10,20 6 R:142 G:26,20 6 R:142 B:26,20 6 G:142 B:26,20 6 R:142 B:42,20 6 G:142 B:42,20 6 R:142 G:58,20 6 R:142 B:58,20 6 G:142 B:58,20 6 R:142 B:74,20 6 G:142 B:74,20 6 R:158 G:6,20 6 R:158 B:6,20 6 G:158 B:6,20 6 R:158 G:22,20 6 R:158 B:22,20 6 G:158 B:22,20 6 R:158 B:38,20 6 G:158 B:38,20 6 R:158 B:54,20 6 G:158 B:54,20 6 R:158 B:70,20 6 G:158 B:70,20 6 R:174 G:2,20 6 R:174 B:2,20 6 G:174 B:2,20 6 R:174 B:18,20 6 G:174 B:18,20 6 R:174 B:34,20 6 G:174 B:34,20 6 R:174 B:50,20 6 G:174 B:50,20 6 G:174 B:66,20 6 R:174 B:130,20 6 R:190 B:11,20 6 G:190 B:11,20 6 R:190 B:27,20 6 G:190 B:27,20 6 R:190 B:43,20 6 G:190 B:43,20 6 G:190 B:59,20 6 R:190 B:107,20 6 R:190 G:123,20 6 R:206 B:12,20 6 G:206 B:12,20 6 R:206 B:28,20 6 G:206 B:28,20 6 R:206 B:76,20 6 R:206 B:92,20 6 R:206 G:108,20 6 R:222 G:1,20 6 R:222 B:1,20 6 G:222 B:1,20 6 R:222 B:17,20 6 R:222 B:33,20 6 R:222 B:49,20 6 R:222 B:65,20 6 R:222 G:81,20 6 R:238 G:11,20 6 R:238 B:11,20 6 R:238 B:27,20 6 R:238 G:43,20 6 R:238 B:43,20 6 R:238 G:59,20 6 R:254 G:10,20 6 R:254 B:10,20 6 R:254 G:26,20 6 R:254 B:26,20 6 R:254 G:42,20 14 R:14 G:8,20 14 G:14 B:40,20 14 G:14 B:56,20 14 G:14 B:72,20 14 G:14 B:88,20 14 G:14 B:104,20 14 G:14 B:120,20 14 G:14 B:136,20 14 G:14 B:168,20 14 G:14 B:184,20 14 G:14 B:200,20 14 G:14 B:216,20 14 G:14 B:232,20 14 G:14 B:248,20 14 G:30 B:46,20 14 G:30 B:62,20 14 G:30 B:78,20 14 G:30 B:94,20 14 G:30 B:110,20 14 G:30 B:174,20 14 G:30 B:190,20 14 G:30 B:206,20 14 G:30 B:222,20 14 G:30 B:238,20 14 G:30 B:254,20 14 G:46 B:38,20 14 G:46 B:54,20 14 G:46 B:70,20 14 G:46 B:86,20 14 G:46 B:166,20 14 G:46 B:182,20 14 G:46 B:198,20 14 G:46 B:214,20 14 G:46 B:230,20 14 G:46 B:246,20 14 R:62 G:22,20 14 R:62 G:38,20 14 G:62 B:38,20 14 R:62 G:54,20 14 G:62 B:54,20 14 R:62 G:70,20 14 G:62 B:150,20 14 G:62 B:166,20 14 G:62 B:182,20 14 G:62 B:198,20 14 G:62 B:214,20 14 G:62 B:230,20 14 G:62 B:246,20 14 R:78 G:6,20 14 R:78 G:22,20 14 R:78 G:38,20 14 R:78 G:54,20 14 R:78 G:70,20 14 R:78 G:102,20 14 R:78 B:118,20 14 G:78 B:118,20 14 G:78 B:134,20 14 G:78 B:150,20 14 G:78 B:166,20 14 G:78 B:182,20 14 G:78 B:198,20 14 G:78 B:214,20 14 G:78 B:230,20 14 G:78 B:246,20 14 R:94 G:11,20 14 R:94 G:27,20 14 R:94 G:43,20 14 R:94 G:59,20 14 R:94 G:91,20 14 R:94 G:107,20 14 R:94 B:107,20 14 R:94 B:123,20 14 G:94 B:123,20 14 G:94 B:139,20 14 G:94 B:155,20 14 G:94 B:171,20 14 G:94 B:187,20 14 G:94 B:203,20 14 G:94 B:219,20 14 G:94 B:235,20 14 G:94 B:251,20 14 R:110 G:7,20 14 R:110 G:23,20 14 R:110 G:71,20 14 R:110 G:87,20 14 R:110 G:103,20 14 G:110 B:167,20 14 G:110 B:183,20 14 G:110 B:199,20 14 G:110 B:215,20 14 G:110 B:231,20 14 R:126 G:4,20 14 R:126 G:52,20 14 R:126 G:68,20 14 R:126 G:84,20 14 R:126 G:100,20 14 R:142 G:2,20 14 R:142 G:34,20 14 R:142 G:50,20 14 R:142 G:66,20 14 R:142 G:82,20 14 R:142 G:98,20 14 R:158 G:25,20 14 R:158 G:41,20 14 R:158 G:57,20 14 R:158 G:73,20 14 R:158 G:89,20 14 R:158 G:105,20 14 R:158 G:201,20 14 R:158 G:217,20 14 R:174 G:53,20 14 R:174 G:69,20 14 R:174 G:85,20 14 R:174 G:101,20 14 R:174 G:197,20 14 R:174 G:213,20 14 R:174 G:229,20 14 R:190 G:42,20 14 R:190 G:58,20 14 R:190 G:74,20 14 R:190 G:90,20 14 R:190 G:106,20 14 G:190 B:170,20 14 G:190 B:186,20 14 R:190 G:202,20 14 R:190 G:218,20 14 R:206 G:36,20 14 R:206 G:52,20 14 R:206 G:68,20 14 R:206 G:84,20 14 G:206 B:84,20 14 R:206 G:100,20 14 G:206 B:100,20 14 G:206 B:116,20 14 G:206 B:132,20 14 G:206 B:148,20 14 G:206 B:164,20 14 R:222 G:17,20 14 R:222 G:33,20 14 R:222 G:49,20 14 R:222 G:65,20 14 R:222 G:81,20 14 R:222 G:97,20 14 G:222 B:97,20 14 G:222 B:129,20 14 G:222 B:145,20 14 G:222 B:161,20 14 G:222 B:177,20 14 R:238 G:9,20 14 R:238 G:25,20 14 R:238 G:41,20 14 R:238 G:57,20 14 R:238 G:73,20 14 R:238 G:89,20 14 R:254 G:14,20 14 R:254 G:30,20 14 R:254 G:46,20 14 R:254 G:62,20 14 R:254 G:78,20 22 G:14 B:86,20 22 G:14 B:118,20 22 G:14 B:134,20 22 G:14 B:150,20 22 G:14 B:166,20 22 G:14 B:182,20 22 G:14 B:198,20 22 R:14 B:214,20 22 G:14 B:214,20 22 R:14 B:230,20 22 G:14 B:230,20 22 R:14 B:246,20 22 G:14 B:246,20 22 G:30 B:73,20 22 G:30 B:89,20 22 G:30 B:105,20 22 G:30 B:121,20 22 G:30 B:137,20 22 G:30 B:153,20 22 G:30 B:169,20 22 G:30 B:185,20 22 R:30 B:201,20 22 G:30 B:201,20 22 R:30 B:217,20 22 G:30 B:217,20 22 R:30 B:233,20 22 G:30 B:233,20 22 R:30 B:249,20 22 G:30 B:249,20 22 G:46 B:69,20 22 G:46 B:85,20 22 G:46 B:101,20 22 G:46 B:117,20 22 G:46 B:133,20 22 G:46 B:149,20 22 G:46 B:165,20 22 G:46 B:181,20 22 R:46 B:197,20 22 G:46 B:197,20 22 R:46 B:213,20 22 G:46 B:213,20 22 R:46 B:229,20 22 G:46 B:229,20 22 R:46 B:245,20 22 G:46 B:245,20 22 G:62 B:72,20 22 G:62 B:88,20 22 G:62 B:104,20 22 G:62 B:120,20 22 G:62 B:136,20 22 G:62 B:152,20 22 G:62 B:168,20 22 R:62 B:184,20 22 G:62 B:184,20 22 R:62 B:200,20 22 G:62 B:200,20 22 R:62 B:216,20 22 G:62 B:216,20 22 R:62 B:232,20 22 G:62 B:232,20 22 R:62 B:248,20 22 G:62 B:248,20 22 G:78 B:57,20 22 G:78 B:73,20 22 G:78 B:89,20 22 G:78 B:105,20 22 G:78 B:153,20 22 R:78 B:169,20 22 G:78 B:169,20 22 R:78 B:185,20 22 G:78 B:185,20 22 R:78 B:201,20 22 G:78 B:201,20 22 R:78 B:217,20 22 G:78 B:217,20 22 R:78 B:233,20 22 G:78 B:233,20 22 R:78 B:249,20 22 G:78 B:249,20 22 G:94 B:48,20 22 G:94 B:64,20 22 G:94 B:80,20 22 R:94 B:160,20 22 G:94 B:160,20 22 R:94 B:176,20 22 G:94 B:176,20 22 R:94 B:192,20 22 G:94 B:192,20 22 R:94 B:208,20 22 G:94 B:208,20 22 R:94 B:224,20 22 G:94 B:224,20 22 R:94 B:240,20 22 G:94 B:240,20 22 R:110 G:26,20 22 R:110 G:42,20 22 R:110 G:58,20 22 G:110 B:58,20 22 R:110 G:74,20 22 G:110 B:74,20 22 R:110 B:154,20 22 G:110 B:154,20 22 R:110 B:170,20 22 G:110 B:170,20 22 R:110 B:186,20 22 G:110 B:186,20 22 R:110 B:202,20 22 G:110 B:202,20 22 R:110 B:218,20 22 G:110 B:218,20 22 R:110 B:234,20 22 G:110 B:234,20 22 R:110 B:250,20 22 G:110 B:250,20 22 R:126 G:22,20 22 R:126 G:38,20 22 R:126 B:38,20 22 R:126 G:54,20 22 R:126 B:54,20 22 R:126 G:70,20 22 R:126 B:70,20 22 R:126 G:86,20 22 R:126 B:86,20 22 R:126 G:134,20 22 R:126 B:134,20 22 G:126 B:134,20 22 R:126 B:150,20 22 G:126 B:150,20 22 R:126 B:166,20 22 G:126 B:166,20 22 R:126 B:182,20 22 G:126 B:182,20 22 R:126 B:198,20 22 G:126 B:198,20 22 R:126 B:214,20 22 G:126 B:214,20 22 R:126 B:230,20 22 G:126 B:230,20 22 R:126 B:246,20 22 G:126 B:246,20 22 R:142 G:1,20 22 R:142 G:17,20 22 R:142 B:17,20 22 R:142 G:33,20 22 R:142 B:33,20 22 R:142 G:49,20 22 R:142 B:49,20 22 R:142 G:65,20 22 R:142 B:65,20 22 R:142 G:81,20 22 R:142 B:81,20 22 R:142 G:97,20 22 R:142 B:97,20 22 R:142 B:113,20 22 G:142 B:113,20 22 R:142 G:129,20 22 R:142 B:129,20 22 G:142 B:129,20 22 R:142 G:145,20 22 R:142 B:145,20 22 R:142 G:161,20 22 R:142 B:161,20 22 G:142 B:161,20 22 R:142 G:177,20 22 R:142 B:177,20 22 G:142 B:177,20 22 R:142 B:193,20 22 G:142 B:193,20 22 R:142 B:209,20 22 G:142 B:209,20 22 R:142 B:225,20 22 G:142 B:225,20 22 R:142 B:241,20 22 G:142 B:241,20 22 R:158 G:10,20 22 R:158 B:10,20 22 R:158 G:26,20 22 R:158 B:26,20 22 R:158 G:42,20 22 R:158 B:42,20 22 R:158 G:58,20 22 R:158 B:58,20 22 R:158 G:74,20 22 R:158 B:74,20 22 R:158 G:90,20 22 R:158 B:90,20 22 R:158 G:106,20 22 R:158 B:106,20 22 R:158 G:122,20 22 R:158 B:122,20 22 R:158 G:138,20 22 R:158 B:138,20 22 R:158 G:154,20 22 R:158 B:154,20 22 R:158 G:170,20 22 R:158 B:170,20 22 R:158 B:186,20 22 R:158 B:202,20 22 G:158 B:202,20 22 R:158 B:218,20 22 G:158 B:218,20 22 R:158 B:234,20 22 G:158 B:234,20 22 R:158 B:250,20 22 G:158 B:250,20 22 R:174 G:2,20 22 R:174 B:2,20 22 R:174 G:18,20 22 R:174 B:18,20 22 R:174 G:34,20 22 R:174 B:34,20 22 R:174 G:50,20 22 R:174 B:50,20 22 R:174 G:66,20 22 R:174 B:66,20 22 R:174 G:82,20 22 R:174 B:82,20 22 R:174 G:98,20 22 R:174 B:98,20 22 R:174 G:114,20 22 R:174 B:114,20 22 R:174 G:130,20 22 R:174 B:130,20 22 R:174 G:146,20 22 R:174 B:146,20 22 R:174 G:162,20 22 R:174 B:162,20 22 R:174 B:178,20 22 R:174 B:194,20 22 R:174 B:210,20 22 R:174 B:226,20 22 R:174 B:242,20 22 R:190 G:3,20 22 R:190 B:3,20 22 R:190 G:19,20 22 R:190 B:19,20 22 R:190 G:35,20 22 R:190 B:35,20 22 R:190 G:51,20 22 R:190 B:51,20 22 G:190 B:51,20 22 R:190 G:67,20 22 R:190 B:67,20 22 R:190 G:83,20 22 R:190 B:83,20 22 R:190 G:99,20 22 R:190 B:99,20 22 R:190 G:115,20 22 R:190 B:115,20 22 R:190 G:131,20 22 R:190 B:131,20 22 R:190 G:147,20 22 R:190 B:147,20 22 R:190 B:163,20 22 R:190 B:179,20 22 R:190 B:195,20 22 R:190 B:211,20 22 R:190 B:227,20 22 R:190 B:243,20 22 R:206 G:1,20 22 R:206 B:1,20 22 R:206 G:17,20 22 R:206 B:17,20 22 R:206 G:33,20 22 R:206 B:33,20 22 R:206 G:49,20 22 R:206 B:49,20 22 R:206 G:65,20 22 R:206 B:65,20 22 R:206 G:81,20 22 R:206 B:81,20 22 R:206 G:97,20 22 R:206 B:97,20 22 R:206 G:113,20 22 R:206 B:113,20 22 R:206 G:129,20 22 R:206 B:129,20 22 R:206 G:145,20 22 R:206 B:145,20 22 R:206 B:161,20 22 R:206 B:177,20 22 R:206 B:209,20 22 R:206 B:225,20 22 R:206 B:241,20 22 R:222 G:4,20 22 R:222 B:4,20 22 R:222 G:20,20 22 R:222 B:20,20 22 R:222 G:36,20 22 R:222 B:36,20 22 R:222 G:52,20 22 R:222 B:52,20 22 R:222 G:68,20 22 R:222 B:68,20 22 R:222 G:84,20 22 R:222 B:84,20 22 R:222 G:100,20 22 R:222 B:100,20 22 R:222 G:116,20 22 R:222 B:116,20 22 R:222 G:132,20 22 R:222 B:132,20 22 R:222 B:148,20 22 R:222 B:164,20 22 R:222 B:212,20 22 R:222 B:228,20 22 R:222 B:244,20 22 R:238 G:9,20 22 R:238 B:9,20 22 R:238 G:25,20 22 R:238 B:25,20 22 R:238 G:41,20 22 R:238 B:41,20 22 R:238 G:57,20 22 R:238 B:57,20 22 R:238 G:73,20 22 R:238 B:73,20 22 R:238 G:89,20 22 R:238 B:89,20 22 R:238 G:105,20 22 R:238 B:105,20 22 R:238 G:121,20 22 R:238 B:121,20 22 R:238 B:137,20 22 R:238 B:153,20 22 R:238 B:169,20 22 R:238 B:185,20 22 R:238 B:201,20 22 R:238 B:217,20 22 R:238 B:233,20 22 R:238 B:249,20 22 R:254 G:13,20 22 R:254 B:13,20 22 R:254 G:29,20 22 R:254 B:29,20 22 R:254 G:45,20 22 R:254 B:45,20 22 R:254 G:61,20 22 R:254 B:61,20 22 R:254 G:77,20 22 R:254 B:77,20 22 R:254 G:93,20 22 R:254 B:93,20 22 R:254 G:109,20 22 R:254 B:141,20 22 R:254 B:157,20 22 R:254 G:173,20 22 R:254 B:173,20 22 R:254 G:189,20 22 R:254 B:189,20 22 R:254 B:205,20 22 R:254 B:221,20 22 R:254 B:237,20 22 R:254 B:253,20 30 R:14 G:96,20 30 R:14 G:112,20 30 R:14 G:128,20 30 R:14 G:144,20 30 R:14 G:160,20 30 R:14 G:176,20 30 R:14 G:192,20 30 R:14 G:208,20 30 R:14 G:224,20 30 R:14 G:240,20 30 R:30 G:106,20 30 R:30 G:122,20 30 R:30 G:138,20 30 R:30 G:154,20 30 R:30 G:170,20 30 R:30 G:186,20 30 R:30 G:202,20 30 R:30 G:218,20 30 R:30 G:234,20 30 R:30 G:250,20 30 R:46 G:118,20 30 R:46 G:134,20 30 R:46 G:150,20 30 R:46 G:166,20 30 G:46 B:166,20 30 R:46 G:182,20 30 G:46 B:182,20 30 R:46 G:198,20 30 G:46 B:198,20 30 R:46 G:214,20 30 G:46 B:214,20 30 R:46 G:230,20 30 R:46 G:246,20 30 R:62 G:131,20 30 G:62 B:131,20 30 R:62 G:147,20 30 G:62 B:147,20 30 R:62 G:163,20 30 G:62 B:163,20 30 R:62 G:179,20 30 G:62 B:179,20 30 R:62 G:195,20 30 G:62 B:195,20 30 R:62 G:211,20 30 G:62 B:211,20 30 R:62 G:227,20 30 R:62 G:243,20 30 G:78 B:29,20 30 G:78 B:45,20 30 R:78 G:61,20 30 G:78 B:61,20 30 R:78 G:77,20 30 G:78 B:77,20 30 R:78 G:93,20 30 G:78 B:93,20 30 R:78 G:109,20 30 G:78 B:109,20 30 G:78 B:125,20 30 R:78 G:141,20 30 G:78 B:141,20 30 R:78 G:157,20 30 G:78 B:157,20 30 R:78 G:173,20 30 G:78 B:173,20 30 R:78 G:189,20 30 G:78 B:189,20 30 R:78 G:205,20 30 R:78 G:221,20 30 R:78 G:237,20 30 R:78 G:253,20 30 G:94 B:0,20 30 G:94 B:16,20 30 G:94 B:32,20 30 G:94 B:48,20 30 G:94 B:64,20 30 R:94 G:80,20 30 G:94 B:80,20 30 R:94 G:96,20 30 G:94 B:96,20 30 R:94 G:112,20 30 G:94 B:112,20 30 G:94 B:128,20 30 R:94 G:144,20 30 G:94 B:144,20 30 R:94 G:160,20 30 G:94 B:160,20 30 R:94 G:176,20 30 G:94 B:176,20 30 R:94 G:192,20 30 R:94 G:208,20 30 R:94 G:224,20 30 R:94 G:240,20 30 G:110 B:1,20 30 G:110 B:17,20 30 G:110 B:33,20 30 G:110 B:49,20 30 G:110 B:65,20 30 G:110 B:81,20 30 R:110 G:97,20 30 G:110 B:97,20 30 G:110 B:113,20 30 R:110 G:129,20 30 G:110 B:129,20 30 R:110 G:145,20 30 G:110 B:145,20 30 R:110 G:161,20 30 G:110 B:161,20 30 R:110 G:177,20 30 R:110 G:193,20 30 R:110 G:209,20 30 R:110 G:225,20 30 R:110 G:241,20 30 G:110 B:241,20 30 G:126 B:7,20 30 G:126 B:23,20 30 G:126 B:39,20 30 G:126 B:55,20 30 G:126 B:71,20 30 G:126 B:87,20 30 G:126 B:103,20 30 R:126 G:119,20 30 R:126 B:119,20 30 G:126 B:119,20 30 R:126 G:135,20 30 R:126 B:135,20 30 G:126 B:135,20 30 R:126 G:151,20 30 R:126 B:151,20 30 R:126 G:167,20 30 R:126 G:183,20 30 R:126 G:199,20 30 R:126 G:215,20 30 G:126 B:215,20 30 R:126 G:231,20 30 G:126 B:231,20 30 R:126 G:247,20 30 G:126 B:247,20 30 G:142 B:7,20 30 G:142 B:23,20 30 G:142 B:39,20 30 G:142 B:55,20 30 R:142 B:71,20 30 G:142 B:71,20 30 R:142 G:87,20 30 R:142 B:87,20 30 G:142 B:87,20 30 R:142 B:103,20 30 G:142 B:103,20 30 R:142 B:119,20 30 G:142 B:119,20 30 R:142 G:135,20 30 R:142 B:135,20 30 G:142 B:135,20 30 R:142 G:151,20 30 G:142 B:151,20 30 R:142 G:199,20 30 G:142 B:199,20 30 R:142 G:215,20 30 G:142 B:215,20 30 R:142 G:231,20 30 G:142 B:231,20 30 R:142 G:247,20 30 G:142 B:247,20 30 G:158 B:9,20 30 G:158 B:25,20 30 G:158 B:41,20 30 R:158 G:57,20 30 R:158 B:57,20 30 G:158 B:57,20 30 R:158 B:73,20 30 G:158 B:73,20 30 R:158 B:89,20 30 G:158 B:89,20 30 R:158 B:105,20 30 G:158 B:105,20 30 R:158 B:121,20 30 G:158 B:121,20 30 G:158 B:137,20 30 G:158 B:169,20 30 G:158 B:185,20 30 G:158 B:201,20 30 R:158 G:217,20 30 G:158 B:217,20 30 R:158 G:233,20 30 G:158 B:233,20 30 R:158 G:249,20 30 G:158 B:249,20 30 G:174 B:15,20 30 G:174 B:31,20 30 G:174 B:47,20 30 G:174 B:63,20 30 R:174 B:79,20 30 G:174 B:79,20 30 R:174 B:95,20 30 G:174 B:95,20 30 R:174 B:111,20 30 G:174 B:111,20 30 G:174 B:127,20 30 G:174 B:143,20 30 G:174 B:159,20 30 G:174 B:175,20 30 G:174 B:191,20 30 G:174 B:207,20 30 R:174 G:223,20 30 G:174 B:223,20 30 R:174 G:239,20 30 G:174 B:239,20 30 R:174 G:255,20 30 G:190 B:12,20 30 G:190 B:28,20 30 G:190 B:44,20 30 G:190 B:60,20 30 G:190 B:76,20 30 R:190 B:92,20 30 G:190 B:92,20 30 R:190 B:108,20 30 G:190 B:108,20 30 G:190 B:124,20 30 G:190 B:140,20 30 G:190 B:156,20 30 G:190 B:172,20 30 G:190 B:188,20 30 G:190 B:204,20 30 G:190 B:220,20 30 R:190 G:236,20 30 R:190 G:252,20 30 G:206 B:15,20 30 G:206 B:31,20 30 G:206 B:47,20 30 G:206 B:63,20 30 G:206 B:79,20 30 G:206 B:95,20 30 G:206 B:111,20 30 G:206 B:127,20 30 G:206 B:143,20 30 G:206 B:159,20 30 G:206 B:175,20 30 G:206 B:191,20 30 G:206 B:207,20 30 R:206 G:255,20 30 G:222 B:6,20 30 G:222 B:22,20 30 G:222 B:38,20 30 G:222 B:54,20 30 G:222 B:70,20 30 G:222 B:86,20 30 G:222 B:102,20 30 G:222 B:118,20 30 G:222 B:134,20 30 G:222 B:150,20 30 G:222 B:166,20 30 G:222 B:182,20 30 G:238 B:3,20 30 G:238 B:19,20 30 G:238 B:35,20 30 G:238 B:51,20 30 G:238 B:67,20 30 G:238 B:83,20 30 G:238 B:99,20 30 G:238 B:115,20 30 G:238 B:131,20 30 G:238 B:147,20 30 G:238 B:163,20 30 G:238 B:179,20 30 G:254 B:14,20 30 G:254 B:30,20 30 G:254 B:46,20 30 G:254 B:62,20 30 G:254 B:78,20 30 G:254 B:94,20 30 G:254 B:110,20 30 G:254 B:126,20 30 G:254 B:142,20 30 G:254 B:158,28 6 R:14 B:49,28 6 G:14 B:49,28 6 R:14 B:65,28 6 G:14 B:65,28 6 R:14 B:81,28 6 G:14 B:81,28 6 R:14 B:97,28 6 G:14 B:97,28 6 R:14 B:113,28 6 G:14 B:113,28 6 R:14 G:129,28 6 R:14 B:129,28 6 G:14 B:129,28 6 R:14 G:145,28 6 R:14 G:161,28 6 R:14 G:177,28 6 R:14 G:193,28 6 R:14 G:209,28 6 R:14 G:225,28 6 R:30 B:67,28 6 G:30 B:67,28 6 R:30 B:83,28 6 G:30 B:83,28 6 R:30 B:99,28 6 G:30 B:99,28 6 R:30 G:115,28 6 R:30 B:115,28 6 G:30 B:115,28 6 R:30 G:131,28 6 R:30 G:147,28 6 R:30 G:163,28 6 R:30 G:179,28 6 R:30 G:195,28 6 R:30 G:211,28 6 R:46 G:28,28 6 R:46 B:28,28 6 G:46 B:60,28 6 R:46 B:76,28 6 G:46 B:76,28 6 R:46 G:92,28 6 R:46 B:92,28 6 G:46 B:92,28 6 R:46 G:108,28 6 R:46 B:108,28 6 G:46 B:108,28 6 R:46 G:124,28 6 G:46 B:124,28 6 R:46 G:140,28 6 R:46 G:156,28 6 R:46 G:172,28 6 R:46 G:188,28 6 R:46 G:204,28 6 R:62 G:12,28 6 R:62 B:12,28 6 R:62 G:28,28 6 R:62 B:28,28 6 R:62 G:44,28 6 G:62 B:60,28 6 R:62 G:76,28 6 R:62 B:76,28 6 G:62 B:76,28 6 R:62 G:92,28 6 R:62 B:92,28 6 G:62 B:92,28 6 R:62 G:108,28 6 G:62 B:108,28 6 R:62 G:124,28 6 G:62 B:124,28 6 R:62 G:140,28 6 R:62 G:156,28 6 R:62 G:172,28 6 R:62 G:188,28 6 R:78 B:7,28 6 R:78 G:23,28 6 G:78 B:55,28 6 G:78 B:71,28 6 R:78 B:87,28 6 G:78 B:87,28 6 R:78 G:103,28 6 G:78 B:103,28 6 R:78 G:119,28 6 G:78 B:119,28 6 R:78 G:135,28 6 G:78 B:135,28 6 R:78 G:151,28 6 G:78 B:151,28 6 R:78 G:167,28 6 G:94 B:33,28 6 G:94 B:49,28 6 G:94 B:65,28 6 R:94 B:81,28 6 G:94 B:81,28 6 R:94 G:97,28 6 G:94 B:97,28 6 G:94 B:113,28 6 G:94 B:129,28 6 G:94 B:145,28 6 G:94 B:161,28 6 G:94 B:177,28 6 G:110 B:23,28 6 G:110 B:39,28 6 G:110 B:55,28 6 G:110 B:71,28 6 G:110 B:87,28 6 G:110 B:103,28 6 G:110 B:119,28 6 G:110 B:135,28 6 G:110 B:151,28 6 G:110 B:167,28 6 G:126 B:7,28 6 G:126 B:23,28 6 G:126 B:39,28 6 G:126 B:55,28 6 G:126 B:71,28 6 G:126 B:87,28 6 G:126 B:103,28 6 G:126 B:119,28 6 G:126 B:135,28 6 G:126 B:151,28 6 G:142 B:7,28 6 G:142 B:23,28 6 G:142 B:39,28 6 G:142 B:55,28 6 G:142 B:71,28 6 G:142 B:87,28 6 G:142 B:103,28 6 G:142 B:119,28 6 G:142 B:135,28 6 G:158 B:7,28 6 G:158 B:23,28 6 G:158 B:39,28 6 G:158 B:55,28 6 G:158 B:71,28 6 G:158 B:87,28 6 G:158 B:103,28 6 G:158 B:119,28 6 G:174 B:5,28 6 G:174 B:21,28 6 G:174 B:37,28 6 G:174 B:53,28 6 G:174 B:69,28 6 G:174 B:85,28 6 G:174 B:101,28 6 G:190 B:14,28 6 G:190 B:30,28 6 G:190 B:46,28 6 G:190 B:62,28 6 G:190 B:78,28 6 G:206 B:8,28 6 G:206 B:24,28 6 G:206 B:40,28 6 G:222 B:1,28 6 G:222 B:17,28 6 G:238 B:10,28 14 R:14 B:18,28 14 R:14 B:34,28 14 R:14 B:50,28 14 R:14 G:146,28 14 R:14 G:162,28 14 R:30 B:55,28 14 R:30 G:119,28 14 R:30 G:135,28 14 R:30 G:151,28 14 R:46 B:70,28 14 R:46 G:86,28 14 R:46 G:102,28 14 R:46 G:118,28 14 R:46 G:134,28 14 R:46 G:150,28 14 R:62 B:57,28 14 R:62 G:73,28 14 R:62 B:73,28 14 G:62 B:73,28 14 R:62 G:89,28 14 R:62 G:105,28 14 R:62 G:137,28 14 R:62 G:153,28 14 R:78 G:54,28 14 R:78 B:54,28 14 G:78 B:54,28 14 R:78 G:70,28 14 R:78 G:134,28 14 G:94 B:19,28 14 R:94 G:35,28 14 R:94 B:35,28 14 G:94 B:35,28 14 R:94 G:51,28 14 R:94 B:51,28 14 G:94 B:51,28 14 R:110 G:14,28 14 R:110 B:14,28 14 G:110 B:14,28 14 R:110 G:30,28 14 R:110 B:30,28 14 G:110 B:30,28 14 R:110 G:46,28 14 G:110 B:46,28 14 R:126 G:1,28 14 R:126 B:1,28 14 G:126 B:1,28 14 R:126 G:17,28 14 R:126 B:17,28 14 G:126 B:17,28 14 R:126 G:33,28 14 G:126 B:33,28 14 R:142 G:6,28 14 R:142 B:6,28 14 G:142 B:6,28 14 R:142 G:22,28 14 G:142 B:70,28 14 G:142 B:86,28 22 R:14 G:119,28 22 R:14 B:119,28 22 R:14 G:135,28 22 R:14 B:135,28 22 R:14 G:151,28 22 R:14 B:151,28 22 R:14 G:167,28 22 R:14 B:167,28 22 G:14 B:167,28 22 R:14 G:183,28 22 R:14 B:183,28 22 G:14 B:183,28 22 R:14 G:199,28 22 R:14 B:199,28 22 G:14 B:199,28 22 R:14 G:215,28 22 R:14 B:215,28 22 G:14 B:215,28 22 R:14 G:231,28 22 R:14 B:231,28 22 G:14 B:231,28 22 R:14 G:247,28 22 R:14 B:247,28 22 G:14 B:247,28 22 R:30 G:107,28 22 R:30 B:107,28 22 R:30 G:123,28 22 R:30 B:123,28 22 G:30 B:123,28 22 R:30 G:139,28 22 R:30 B:139,28 22 G:30 B:139,28 22 R:30 G:155,28 22 R:30 B:155,28 22 G:30 B:155,28 22 R:30 G:171,28 22 R:30 B:171,28 22 G:30 B:171,28 22 R:30 G:187,28 22 R:30 B:187,28 22 G:30 B:187,28 22 R:30 G:203,28 22 R:30 B:203,28 22 G:30 B:203,28 22 R:30 G:219,28 22 R:30 B:219,28 22 G:30 B:219,28 22 R:30 G:235,28 22 R:30 B:235,28 22 G:30 B:235,28 22 R:30 G:251,28 22 R:30 B:251,28 22 G:30 B:251,28 22 R:46 G:104,28 22 R:46 B:104,28 22 G:46 B:104,28 22 R:46 G:120,28 22 R:46 B:120,28 22 G:46 B:120,28 22 R:46 G:136,28 22 R:46 B:136,28 22 G:46 B:136,28 22 R:46 G:152,28 22 R:46 B:152,28 22 G:46 B:152,28 22 R:46 G:168,28 22 R:46 B:168,28 22 G:46 B:168,28 22 R:46 G:184,28 22 R:46 B:184,28 22 G:46 B:184,28 22 R:46 G:200,28 22 R:46 B:200,28 22 G:46 B:200,28 22 R:46 G:216,28 22 R:46 B:216,28 22 G:46 B:216,28 22 R:46 G:232,28 22 R:46 B:232,28 22 G:46 B:232,28 22 R:46 G:248,28 22 R:46 B:248,28 22 G:46 B:248,28 22 G:62 B:80,28 22 R:62 G:96,28 22 R:62 B:96,28 22 G:62 B:96,28 22 R:62 G:112,28 22 R:62 B:112,28 22 G:62 B:112,28 22 R:62 G:128,28 22 R:62 B:128,28 22 G:62 B:128,28 22 R:62 G:144,28 22 R:62 B:144,28 22 G:62 B:144,28 22 R:62 G:160,28 22 R:62 B:160,28 22 G:62 B:160,28 22 R:62 G:176,28 22 R:62 B:176,28 22 G:62 B:176,28 22 R:62 G:192,28 22 R:62 B:192,28 22 G:62 B:192,28 22 R:62 G:208,28 22 R:62 B:208,28 22 G:62 B:208,28 22 R:62 G:224,28 22 R:62 B:224,28 22 G:62 B:224,28 22 R:62 G:240,28 22 R:62 B:240,28 22 G:62 B:240,28 22 G:78 B:66,28 22 R:78 B:82,28 22 G:78 B:82,28 22 R:78 G:98,28 22 R:78 B:98,28 22 G:78 B:98,28 22 R:78 G:114,28 22 R:78 B:114,28 22 G:78 B:114,28 22 R:78 G:130,28 22 R:78 B:130,28 22 G:78 B:130,28 22 R:78 G:146,28 22 R:78 B:146,28 22 G:78 B:146,28 22 R:78 G:162,28 22 R:78 B:162,28 22 G:78 B:162,28 22 R:78 G:178,28 22 R:78 B:178,28 22 G:78 B:178,28 22 R:78 G:194,28 22 R:78 B:194,28 22 G:78 B:194,28 22 R:78 G:210,28 22 R:78 B:210,28 22 G:78 B:210,28 22 R:78 G:226,28 22 R:78 B:226,28 22 G:78 B:226,28 22 R:78 G:242,28 22 R:78 B:242,28 22 G:78 B:242,28 22 G:94 B:54,28 22 R:94 B:70,28 22 G:94 B:70,28 22 R:94 G:86,28 22 R:94 B:86,28 22 G:94 B:86,28 22 R:94 G:102,28 22 R:94 B:102,28 22 G:94 B:102,28 22 R:94 G:118,28 22 R:94 B:118,28 22 G:94 B:118,28 22 R:94 G:134,28 22 R:94 B:134,28 22 G:94 B:134,28 22 R:94 G:150,28 22 R:94 B:150,28 22 G:94 B:150,28 22 R:94 G:166,28 22 R:94 B:166,28 22 G:94 B:166,28 22 R:94 G:182,28 22 R:94 B:182,28 22 G:94 B:182,28 22 R:94 G:198,28 22 R:94 B:198,28 22 G:94 B:198,28 22 R:94 G:214,28 22 R:94 B:214,28 22 G:94 B:214,28 22 R:94 G:230,28 22 R:94 B:230,28 22 G:94 B:230,28 22 R:94 G:246,28 22 R:94 B:246,28 22 G:94 B:246,28 22 G:110 B:22,28 22 G:110 B:38,28 22 R:110 B:54,28 22 G:110 B:54,28 22 R:110 G:70,28 22 R:110 B:70,28 22 G:110 B:70,28 22 R:110 G:86,28 22 R:110 B:86,28 22 G:110 B:86,28 22 R:110 G:102,28 22 R:110 B:102,28 22 G:110 B:102,28 22 R:110 G:118,28 22 R:110 B:118,28 22 G:110 B:118,28 22 R:110 G:134,28 22 R:110 B:134,28 22 G:110 B:134,28 22 R:110 G:150,28 22 R:110 B:150,28 22 G:110 B:150,28 22 R:110 G:166,28 22 R:110 B:166,28 22 G:110 B:166,28 22 R:110 G:182,28 22 R:110 B:182,28 22 G:110 B:182,28 22 R:110 G:198,28 22 R:110 B:198,28 22 G:110 B:198,28 22 R:110 G:214,28 22 R:110 B:214,28 22 G:110 B:214,28 22 R:110 G:230,28 22 R:110 B:230,28 22 G:110 B:230,28 22 R:110 G:246,28 22 R:110 B:246,28 22 G:110 B:246,28 22 G:126 B:5,28 22 G:126 B:21,28 22 R:126 B:37,28 22 G:126 B:37,28 22 R:126 G:53,28 22 R:126 B:53,28 22 G:126 B:53,28 22 R:126 G:69,28 22 R:126 B:69,28 22 G:126 B:69,28 22 R:126 G:85,28 22 R:126 B:85,28 22 G:126 B:85,28 22 R:126 G:101,28 22 R:126 B:101,28 22 G:126 B:101,28 22 R:126 G:117,28 22 R:126 B:117,28 22 G:126 B:117,28 22 R:126 G:133,28 22 R:126 B:133,28 22 G:126 B:133,28 22 R:126 G:149,28 22 R:126 B:149,28 22 G:126 B:149,28 22 R:126 G:165,28 22 R:126 B:165,28 22 G:126 B:165,28 22 R:126 G:181,28 22 R:126 B:181,28 22 G:126 B:181,28 22 R:126 G:197,28 22 R:126 B:197,28 22 G:126 B:197,28 22 R:126 G:213,28 22 R:126 B:213,28 22 G:126 B:213,28 22 R:126 G:229,28 22 R:126 B:229,28 22 G:126 B:229,28 22 R:126 G:245,28 22 R:126 B:245,28 22 G:126 B:245,28 22 G:142 B:0,28 22 G:142 B:16,28 22 R:142 B:32,28 22 G:142 B:32,28 22 R:142 G:48,28 22 R:142 B:48,28 22 G:142 B:48,28 22 R:142 G:64,28 22 R:142 B:64,28 22 G:142 B:64,28 22 R:142 G:80,28 22 R:142 B:80,28 22 G:142 B:80,28 22 R:142 G:96,28 22 R:142 B:96,28 22 G:142 B:96,28 22 R:142 G:112,28 22 R:142 B:112,28 22 G:142 B:112,28 22 R:142 G:128,28 22 R:142 B:128,28 22 G:142 B:128,28 22 R:142 G:144,28 22 R:142 B:144,28 22 G:142 B:144,28 22 R:142 G:160,28 22 R:142 B:160,28 22 G:142 B:160,28 22 R:142 G:176,28 22 R:142 B:176,28 22 G:142 B:176,28 22 R:142 G:192,28 22 R:142 B:192,28 22 G:142 B:192,28 22 R:142 G:208,28 22 R:142 B:208,28 22 G:142 B:208,28 22 R:142 G:224,28 22 R:142 B:224,28 22 G:142 B:224,28 22 R:142 G:240,28 22 R:142 B:240,28 22 G:142 B:240,28 22 G:158 B:3,28 22 R:158 B:19,28 22 G:158 B:19,28 22 R:158 G:35,28 22 R:158 B:35,28 22 G:158 B:35,28 22 R:158 G:51,28 22 R:158 B:51,28 22 G:158 B:51,28 22 R:158 G:67,28 22 R:158 B:67,28 22 G:158 B:67,28 22 R:158 G:83,28 22 R:158 B:83,28 22 G:158 B:83,28 22 R:158 G:99,28 22 R:158 B:99,28 22 G:158 B:99,28 22 R:158 G:115,28 22 R:158 B:115,28 22 G:158 B:115,28 22 R:158 G:131,28 22 R:158 B:131,28 22 G:158 B:131,28 22 R:158 G:147,28 22 R:158 B:147,28 22 G:158 B:147,28 22 R:158 G:163,28 22 R:158 B:163,28 22 G:158 B:163,28 22 R:158 G:179,28 22 R:158 B:179,28 22 G:158 B:179,28 22 R:158 G:195,28 22 R:158 B:195,28 22 G:158 B:195,28 22 R:158 G:211,28 22 R:158 B:211,28 22 G:158 B:211,28 22 R:158 G:227,28 22 R:158 B:227,28 22 G:158 B:227,28 22 R:158 G:243,28 22 R:158 B:243,28 22 G:158 B:243,28 22 R:174 B:4,28 22 G:174 B:4,28 22 R:174 B:20,28 22 G:174 B:20,28 22 R:174 G:36,28 22 R:174 B:36,28 22 G:174 B:36,28 22 R:174 G:52,28 22 R:174 B:52,28 22 G:174 B:52,28 22 R:174 G:68,28 22 R:174 B:68,28 22 G:174 B:68,28 22 R:174 G:84,28 22 R:174 B:84,28 22 G:174 B:84,28 22 R:174 G:100,28 22 R:174 B:100,28 22 G:174 B:100,28 22 R:174 G:116,28 22 R:174 B:116,28 22 G:174 B:116,28 22 R:174 G:132,28 22 R:174 B:132,28 22 G:174 B:132,28 22 R:174 G:148,28 22 R:174 B:148,28 22 G:174 B:148,28 22 R:174 G:164,28 22 R:174 B:164,28 22 G:174 B:164,28 22 R:174 G:180,28 22 R:174 B:180,28 22 G:174 B:180,28 22 R:174 G:196,28 22 R:174 B:196,28 22 G:174 B:196,28 22 R:174 G:212,28 22 R:174 B:212,28 22 G:174 B:212,28 22 R:174 G:228,28 22 R:174 B:228,28 22 G:174 B:228,28 22 R:174 G:244,28 22 R:174 B:244,28 22 G:174 B:244,28 22 R:190 B:6,28 22 G:190 B:6,28 22 R:190 G:22,28 22 R:190 B:22,28 22 G:190 B:22,28 22 R:190 G:38,28 22 R:190 B:38,28 22 G:190 B:38,28 22 R:190 G:54,28 22 R:190 B:54,28 22 G:190 B:54,28 22 R:190 G:70,28 22 R:190 B:70,28 22 G:190 B:70,28 22 R:190 G:86,28 22 R:190 B:86,28 22 G:190 B:86,28 22 R:190 G:102,28 22 R:190 B:102,28 22 G:190 B:102,28 22 R:190 G:118,28 22 R:190 B:118,28 22 G:190 B:118,28 22 R:190 G:134,28 22 R:190 B:134,28 22 G:190 B:134,28 22 R:190 G:150,28 22 R:190 B:150,28 22 G:190 B:150,28 22 R:190 G:166,28 22 R:190 B:166,28 22 G:190 B:166,28 22 R:190 G:182,28 22 R:190 B:182,28 22 G:190 B:182,28 22 R:190 G:198,28 22 R:190 B:198,28 22 G:190 B:198,28 22 R:190 G:214,28 22 R:190 B:214,28 22 G:190 B:214,28 22 R:190 G:230,28 22 R:190 B:230,28 22 G:190 B:230,28 22 R:190 G:246,28 22 R:190 B:246,28 22 G:190 B:246,28 22 R:206 G:6,28 22 R:206 B:6,28 22 G:206 B:6,28 22 R:206 G:22,28 22 R:206 B:22,28 22 G:206 B:22,28 22 R:206 G:38,28 22 R:206 B:38,28 22 G:206 B:38,28 22 R:206 G:54,28 22 R:206 B:54,28 22 G:206 B:54,28 22 R:206 G:70,28 22 R:206 B:70,28 22 G:206 B:70,28 22 R:206 G:86,28 22 R:206 B:86,28 22 G:206 B:86,28 22 R:206 G:102,28 22 R:206 B:102,28 22 G:206 B:102,28 22 R:206 G:118,28 22 R:206 B:118,28 22 G:206 B:118,28 22 R:206 G:134,28 22 R:206 B:134,28 22 G:206 B:134,28 22 R:206 G:150,28 22 R:206 B:150,28 22 G:206 B:150,28 22 R:206 G:166,28 22 R:206 B:166,28 22 G:206 B:166,28 22 R:206 G:182,28 22 R:206 B:182,28 22 G:206 B:182,28 22 R:206 G:198,28 22 R:206 B:198,28 22 G:206 B:198,28 22 R:206 G:214,28 22 R:206 B:214,28 22 G:206 B:214,28 22 R:206 G:230,28 22 R:206 B:230,28 22 G:206 B:230,28 22 R:206 G:246,28 22 R:206 B:246,28 22 G:206 B:246,28 22 R:222 G:2,28 22 R:222 B:2,28 22 G:222 B:2,28 22 R:222 G:18,28 22 R:222 B:18,28 22 G:222 B:18,28 22 R:222 G:34,28 22 R:222 B:34,28 22 G:222 B:34,28 22 R:222 G:50,28 22 R:222 B:50,28 22 G:222 B:50,28 22 R:222 G:66,28 22 R:222 B:66,28 22 G:222 B:66,28 22 R:222 G:82,28 22 R:222 B:82,28 22 G:222 B:82,28 22 R:222 G:98,28 22 R:222 B:98,28 22 G:222 B:98,28 22 R:222 G:114,28 22 R:222 B:114,28 22 G:222 B:114,28 22 R:222 G:130,28 22 R:222 B:130,28 22 G:222 B:130,28 22 R:222 G:146,28 22 R:222 B:146,28 22 G:222 B:146,28 22 R:222 G:162,28 22 R:222 B:162,28 22 G:222 B:162,28 22 R:222 G:178,28 22 R:222 B:178,28 22 G:222 B:178,28 22 R:222 G:194,28 22 R:222 B:194,28 22 G:222 B:194,28 22 R:222 G:210,28 22 R:222 B:210,28 22 G:222 B:210,28 22 R:222 G:226,28 22 R:222 B:226,28 22 G:222 B:226,28 22 R:222 G:242,28 22 R:222 B:242,28 22 G:222 B:242,28 22 R:238 G:1,28 22 R:238 B:1,28 22 G:238 B:1,28 22 R:238 G:17,28 22 R:238 B:17,28 22 G:238 B:17,28 22 R:238 G:33,28 22 R:238 B:33,28 22 G:238 B:33,28 22 R:238 G:49,28 22 R:238 B:49,28 22 G:238 B:49,28 22 R:238 G:65,28 22 R:238 B:65,28 22 G:238 B:65,28 22 R:238 G:81,28 22 R:238 B:81,28 22 G:238 B:81,28 22 R:238 G:97,28 22 R:238 B:97,28 22 G:238 B:97,28 22 R:238 G:113,28 22 R:238 B:113,28 22 G:238 B:113,28 22 R:238 G:129,28 22 R:238 B:129,28 22 G:238 B:129,28 22 R:238 G:145,28 22 R:238 B:145,28 22 G:238 B:145,28 22 R:238 G:161,28 22 R:238 B:161,28 22 G:238 B:161,28 22 R:238 G:177,28 22 R:238 B:177,28 22 G:238 B:177,28 22 R:238 G:193,28 22 R:238 B:193,28 22 G:238 B:193,28 22 R:238 G:209,28 22 R:238 B:209,28 22 G:238 B:209,28 22 R:238 G:225,28 22 R:238 B:225,28 22 G:238 B:225,28 22 R:238 G:241,28 22 R:238 B:241,28 22 G:238 B:241,28 22 R:254 G:5,28 22 R:254 B:5,28 22 G:254 B:5,28 22 R:254 G:21,28 22 R:254 B:21,28 22 G:254 B:21,28 22 R:254 G:37,28 22 R:254 B:37,28 22 G:254 B:37,28 22 R:254 G:53,28 22 R:254 B:53,28 22 G:254 B:53,28 22 R:254 G:69,28 22 R:254 B:69,28 22 G:254 B:69,28 22 R:254 G:85,28 22 R:254 B:85,28 22 G:254 B:85,28 22 R:254 G:101,28 22 R:254 B:101,28 22 G:254 B:101,28 22 R:254 G:117,28 22 R:254 B:117,28 22 G:254 B:117,28 22 R:254 G:133,28 22 R:254 B:133,28 22 G:254 B:133,28 22 R:254 G:149,28 22 R:254 B:149,28 22 G:254 B:149,28 22 R:254 G:165,28 22 R:254 B:165,28 22 G:254 B:165,28 22 R:254 G:181,28 22 R:254 B:181,28 22 G:254 B:181,28 22 R:254 G:197,28 22 R:254 B:197,28 22 G:254 B:197,28 22 R:254 G:213,28 22 R:254 B:213,28 22 G:254 B:213,28 22 R:254 G:229,28 22 R:254 B:229,28 22 G:254 B:229,28 22 R:254 G:245,28 22 R:254 B:245,28 22 G:254 B:245,28 30 R:14 G:9,28 30 R:14 B:9,28 30 R:14 G:25,28 30 R:14 B:25,28 30 R:14 G:41,28 30 R:14 B:41,28 30 R:14 G:57,28 30 R:14 B:57,28 30 R:14 G:73,28 30 R:14 B:73,28 30 R:14 G:89,28 30 R:14 B:89,28 30 R:14 G:105,28 30 R:14 G:121,28 30 R:14 G:137,28 30 R:14 G:153,28 30 R:14 G:169,28 30 R:14 G:185,28 30 R:14 G:201,28 30 R:14 G:217,28 30 R:14 G:233,28 30 R:14 G:249,28 30 R:30 G:10,28 30 R:30 B:10,28 30 R:30 G:26,28 30 R:30 B:26,28 30 R:30 G:42,28 30 R:30 B:42,28 30 R:30 G:58,28 30 R:30 B:58,28 30 R:30 G:74,28 30 R:30 B:74,28 30 R:30 G:90,28 30 R:30 B:90,28 30 G:30 B:90,28 30 R:30 G:106,28 30 R:30 G:122,28 30 R:30 G:138,28 30 R:30 G:154,28 30 R:30 G:170,28 30 R:30 G:186,28 30 R:30 G:202,28 30 R:30 G:218,28 30 R:30 G:234,28 30 R:30 G:250,28 30 R:46 B:10,28 30 G:46 B:10,28 30 R:46 G:26,28 30 R:46 B:26,28 30 G:46 B:26,28 30 R:46 G:42,28 30 R:46 B:42,28 30 G:46 B:42,28 30 R:46 G:58,28 30 R:46 B:58,28 30 G:46 B:58,28 30 R:46 G:74,28 30 R:46 B:74,28 30 G:46 B:74,28 30 R:46 G:90,28 30 R:46 G:106,28 30 R:46 G:122,28 30 R:46 G:138,28 30 R:46 G:154,28 30 R:46 G:170,28 30 R:46 G:186,28 30 R:46 G:202,28 30 R:46 G:218,28 30 R:46 G:234,28 30 R:46 G:250,28 30 R:62 B:14,28 30 G:62 B:14,28 30 R:62 B:30,28 30 G:62 B:30,28 30 R:62 G:46,28 30 R:62 B:46,28 30 R:62 G:62,28 30 R:62 G:78,28 30 R:62 G:94,28 30 G:62 B:94,28 30 R:62 G:110,28 30 R:62 G:126,28 30 R:62 G:142,28 30 R:62 G:158,28 30 R:62 G:174,28 30 R:62 G:190,28 30 R:62 G:206,28 30 R:62 G:222,28 30 R:62 G:238,28 30 R:78 B:6,28 30 G:78 B:6,28 30 R:78 B:22,28 30 G:78 B:22,28 30 G:78 B:38,28 30 G:78 B:54,28 30 G:78 B:70,28 30 R:78 G:86,28 30 R:78 B:86,28 30 G:78 B:86,28 30 R:78 G:102,28 30 R:78 B:102,28 30 G:78 B:102,28 30 R:78 G:118,28 30 R:78 G:134,28 30 R:78 G:150,28 30 R:78 G:166,28 30 R:78 G:182,28 30 R:78 G:198,28 30 R:78 G:214,28 30 G:94 B:0,28 30 G:94 B:16,28 30 G:94 B:32,28 30 G:94 B:48,28 30 R:94 B:64,28 30 G:94 B:64,28 30 R:94 G:80,28 30 R:94 B:80,28 30 G:94 B:80,28 30 R:94 G:96,28 30 R:94 B:96,28 30 G:94 B:96,28 30 R:94 G:112,28 30 R:94 B:112,28 30 G:94 B:112,28 30 R:94 G:128,28 30 R:94 B:128,28 30 R:94 G:144,28 30 R:94 G:160,28 30 R:94 G:176,28 30 R:94 G:192,28 30 G:110 B:9,28 30 G:110 B:25,28 30 G:110 B:41,28 30 R:110 B:57,28 30 G:110 B:57,28 30 R:110 G:73,28 30 R:110 B:73,28 30 G:110 B:73,28 30 R:110 G:89,28 30 R:110 B:89,28 30 G:110 B:89,28 30 R:110 G:105,28 30 R:110 B:105,28 30 G:110 B:105,28 30 R:110 G:121,28 30 R:110 G:137,28 30 R:110 G:153,28 30 G:126 B:8,28 30 G:126 B:24,28 30 G:126 B:40,28 30 G:126 B:56,28 30 G:126 B:72,28 30 R:126 G:88,28 30 G:126 B:88,28 30 R:126 G:104,28 30 G:126 B:104,28 30 R:126 G:120,28 30 G:126 B:120,28 30 R:126 G:136,28 30 G:142 B:1,28 30 G:142 B:17,28 30 G:142 B:33,28 30 G:142 B:49,28 30 G:142 B:65,28 30 G:142 B:81,28 30 G:142 B:97,28 30 R:142 G:113,28 30 G:142 B:113,28 30 R:158 B:10,28 30 G:158 B:10,28 30 G:158 B:26,28 30 G:158 B:42,28 30 G:158 B:58,28 30 G:158 B:74,28 30 G:158 B:90,28 30 R:174 B:1,28 30 G:174 B:1,28 30 R:174 B:17,28 30 G:174 B:17,28 30 R:174 G:33,28 30 R:174 B:33,28 30 G:174 B:33,28 30 R:174 G:49,28 30 G:174 B:49,28 30 G:174 B:65,28 30 G:174 B:81,28 30 G:174 B:97,28 30 R:190 B:4,28 30 G:190 B:4,28 30 R:190 B:20,28 30 G:190 B:20,28 30 R:190 G:36,28 30 R:190 B:36,28 30 G:190 B:36,28 30 R:190 G:52,28 30 R:190 B:52,28 30 G:190 B:52,28 30 G:190 B:68,28 30 G:190 B:84,28 30 G:206 B:9,28 30 R:206 G:25,28 30 G:206 B:25,28 30 R:206 G:41,28 30 G:206 B:41,28 30 G:206 B:57,28 30 R:222 G:14,28 30 G:222 B:14,28 30 G:222 B:30,28 30 G:222 B:46,28 30 G:238 B:12,28 30 G:238 B:28,28 30 G:254 B:9










20 14 R:206 B:228,20 14 R:206 B:244,20 14 R:222 B:209,20 14 R:222 B:225,20 14 R:222 B:241,20 14 R:238 B:169,20 14 R:238 B:185,20 14 R:238 B:201,20 14 R:238 B:217,20 14 R:238 B:233,20 14 R:238 B:249,20 14 R:254 B:158,20 14 R:254 B:174,20 14 R:254 B:222,20 14 R:254 B:238,20 14 R:254 B:254
























4 30 R:222 B:94,4 30 R:222 B:110,4 30 R:238 B:81,4 30 R:238 G:97,4 30 R:238 B:97,12 6 R:14 B:14,12 6 R:14 B:30,12 6 R:14 B:46,12 6 G:14 B:46,12 6 R:14 G:62,12 6 R:14 B:62,12 6 R:14 G:78,12 6 R:14 B:78,12 6 R:14 G:94,12 6 R:14 B:94,12 6 R:14 G:110,12 6 R:30 B:9,12 6 R:30 B:25,12 6 R:30 B:41,12 6 R:30 B:57,12 6 R:30 G:73,12 6 R:30 B:73,12 6 R:30 G:89,12 6 R:30 B:89,12 6 R:46 B:9,12 6 R:46 B:25,12 6 R:46 B:41,12 6 R:46 G:57,12 6 R:46 B:57,12 6 R:46 G:73,12 6 R:46 B:73,12 6 R:62 B:14,12 6 R:62 B:30,12 6 R:62 G:46,12 6 R:62 B:46,12 6 R:62 G:62,12 6 R:62 B:62,12 6 R:78 B:6,12 6 R:78 B:22,12 6 R:78 G:38,12 6 R:78 B:38,12 6 R:94 B:2,12 6 G:94 B:2,12 6 R:94 B:18,12 6 R:94 G:34,12 6 R:94 B:34,12 6 R:110 B:8,12 6 R:126 B:3,12 14 R:110 G:234,12 14 R:110 G:250,12 14 R:126 G:200,12 14 R:126 G:216,12 14 R:126 G:232,12 14 R:126 G:248,12 14 G:142 B:18,12 14 R:142 G:226,12 14 R:142 G:242,12 14 G:158 B:10,12 14 G:158 B:26,12 14 R:158 G:202,12 14 R:158 G:218,12 14 R:158 G:234,12 14 R:158 G:250,12 14 G:174 B:0,12 14 R:174 B:16,12 14 G:174 B:16,12 14 R:174 B:32,12 14 G:174 B:32,12 14 G:174 B:48,12 14 R:174 G:192,12 14 R:174 G:208,12 14 R:174 G:224,12 14 R:174 G:240,12 14 R:190 B:13,12 14 G:190 B:13,12 14 G:190 B:29,12 14 G:190 B:45,12 14 R:190 G:157,12 14 R:190 G:173,12 14 R:190 G:189,12 14 R:190 G:205,12 14 R:190 G:221,12 14 R:190 G:237,12 14 R:190 G:253,12 14 R:206 B:13,12 14 G:206 B:13,12 14 G:206 B:29,12 14 G:206 B:45,12 14 R:206 G:157,12 14 R:206 G:173,12 14 R:206 G:189,12 14 R:206 G:205,12 14 R:206 G:221,12 14 R:206 G:237,12 14 R:206 G:253,12 14 R:222 B:15,12 14 G:222 B:15,12 14 G:222 B:31,12 14 G:222 B:47,12 14 R:222 G:159,12 14 R:222 G:175,12 14 R:222 G:191,12 14 R:222 G:207,12 14 R:222 G:223,12 14 R:222 G:239,12 14 R:222 G:255,12 14 R:238 B:5,12 14 G:238 B:5,12 14 R:238 B:21,12 14 G:238 B:21,12 14 R:238 B:37,12 14 G:238 B:37,12 14 G:238 B:53,12 14 R:238 G:149,12 14 R:238 G:165,12 14 R:238 G:181,12 14 R:238 G:197,12 14 R:238 G:213,12 14 R:238 G:229,12 14 R:238 G:245,12 14 R:254 B:14,12 14 G:254 B:14,12 14 G:254 B:30,12 14 G:254 B:46,12 14 G:254 B:62,12 14 R:254 B:78,12 14 R:254 G:158,12 14 R:254 G:174,12 14 R:254 G:190,12 14 R:254 G:206,12 14 R:254 G:222,12 14 R:254 G:238,12 14 R:254 G:254,20 6 G:14 B:252,28 30 R:14 G:9,28 30 R:14 B:9,28 30 G:14 B:9,28 30 R:14 G:25,28 30 R:14 B:25,28 30 G:14 B:25,28 30 R:14 G:41,28 30 R:14 B:41,28 30 G:14 B:41,28 30 R:14 G:57,28 30 R:14 B:57,28 30 G:14 B:57,28 30 R:14 G:73,28 30 R:14 B:73,28 30 G:14 B:73,28 30 R:14 G:89,28 30 R:14 B:89,28 30 G:14 B:89,28 30 R:14 G:105,28 30 R:30 G:10,28 30 R:30 B:10,28 30 G:30 B:10,28 30 R:30 G:26,28 30 R:30 B:26,28 30 G:30 B:26,28 30 R:30 G:42,28 30 R:30 B:42,28 30 G:30 B:42,28 30 R:30 G:58,28 30 R:30 B:58,28 30 G:30 B:58,28 30 R:30 G:74,28 30 R:30 B:74,28 30 G:30 B:74,28 30 R:30 G:90,28 30 R:46 G:10,28 30 R:46 B:10,28 30 G:46 B:10,28 30 R:46 G:26,28 30 R:46 B:26,28 30 G:46 B:26,28 30 R:46 G:42,28 30 R:46 B:42,28 30 G:46 B:42,28 30 R:46 G:58,28 30 R:46 B:58,28 30 G:46 B:58,28 30 R:46 G:74,28 30 G:46 B:74,28 30 R:62 G:14,28 30 R:62 B:14,28 30 G:62 B:14,28 30 R:62 G:30,28 30 R:62 B:30,28 30 G:62 B:30,28 30 R:62 G:46,28 30 R:62 B:46,28 30 G:62 B:46,28 30 R:62 G:62,28 30 G:62 B:62,28 30 R:78 G:6,28 30 R:78 B:6,28 30 G:78 B:6,28 30 R:78 G:22,28 30 R:78 B:22,28 30 G:78 B:22,28 30 R:78 G:38,28 30 R:78 B:38,28 30 G:78 B:38,28 30 G:78 B:54,28 30 R:94 B:0,28 30 G:94 B:0,28 30 R:94 B:16,28 30 G:94 B:16,28 30 G:94 B:32,28 30 R:110 B:9,28 30 G:110 B:9,28 30 G:110 B:25,28 30 G:126 B:8























